{"cameraMode":{"drawMode":0,"name":"Shaded","section":"Shading Mode"},"sceneLighting":true,"audioPlay":false,"sceneViewState":{"showFog":false,"showMaterialUpdate":false,"showSkybox":false,"showFlares":false,"showImageEffects":false,"showParticleSystems":false},"in2DMode":false,"pivot":{"x":570.5824584960938,"y":-68.80302429199219,"z":177.65895080566407},"rotation":{"x":0.2768554389476776,"y":0.07485697418451309,"z":-0.021638544276356698,"w":0.9577470421791077},"size":1244.77294921875,"orthographic":false}