{"cameraMode":{"drawMode":0,"name":"Shaded","section":"Shading Mode"},"sceneLighting":true,"audioPlay":false,"sceneViewState":{"showFog":false,"showMaterialUpdate":false,"showSkybox":false,"showFlares":false,"showImageEffects":false,"showParticleSystems":false},"in2DMode":false,"pivot":{"x":-5.53000020980835,"y":9.180000305175782,"z":12.350000381469727},"rotation":{"x":0.03480583429336548,"y":-0.0014995684614405037,"z":0.00005300652628648095,"w":0.9993929862976074},"size":22.0,"orthographic":false}