{"cameraMode":{"drawMode":0,"name":"Shaded","section":"Shading Mode"},"sceneLighting":true,"audioPlay":false,"sceneViewState":{"showFog":false,"showMaterialUpdate":false,"showSkybox":false,"showFlares":false,"showImageEffects":false,"showParticleSystems":false},"in2DMode":false,"pivot":{"x":-7.203125476837158,"y":8.450848579406739,"z":20.58060073852539},"rotation":{"x":0.03630400821566582,"y":0.007495636120438576,"z":-0.0002714225265663117,"w":0.999312698841095},"size":18.47110366821289,"orthographic":false}