{"cameraMode":{"drawMode":0,"name":"Shaded","section":"Shading Mode"},"sceneLighting":true,"audioPlay":false,"sceneViewState":{"showFog":false,"showMaterialUpdate":false,"showSkybox":false,"showFlares":false,"showImageEffects":false,"showParticleSystems":false},"in2DMode":false,"pivot":{"x":1.6255474090576172,"y":1.1059341430664063,"z":34.468292236328128},"rotation":{"x":0.3427375257015228,"y":0.545914888381958,"z":-0.26027992367744448,"w":0.7188618183135986},"size":29.120391845703126,"orthographic":false}