{"cameraMode":{"drawMode":0,"name":"Shaded","section":"Shading Mode"},"sceneLighting":true,"audioPlay":false,"sceneViewState":{"showFog":false,"showMaterialUpdate":false,"showSkybox":false,"showFlares":false,"showImageEffects":false,"showParticleSystems":false},"in2DMode":false,"pivot":{"x":-3.657599925994873,"y":10.006399154663086,"z":29.899049758911134},"rotation":{"x":0.25107693672180178,"y":0.10429665446281433,"z":-0.02722145803272724,"w":0.9619468450546265},"size":15.803021430969239,"orthographic":false}